Product,Price,Rating,Sold,Image,Link
Crema Espresso - Kopi House Blend 500gr,111600,4.9,326100,https://d8g5mz6srwlcs.cloudfront.net/thumbnail/65e685e7a0999323455035.jpg,/commercial-blend/crema-espresso-kopi-house-blend-500gr?item_list_name=Categories&item_list_id=categories_coffee&item_list_index=0
Kopi Susu Blend 1kg Biji Bubuk Kopi Arabica Robusta Otten Coffee,151200,4.9,18200,https://d8g5mz6srwlcs.cloudfront.net/thumbnail/678dd2522fe73068975743.jpg,/commercial-blend/kopi-susu-blend-1kg-arabica-robusta?item_list_name=Categories&item_list_id=categories_coffee&item_list_index=1
Premium Espresso Blend 1kg Biji Bubuk Kopi Arabica Robusta Otten Coffee,143100,4.9,15500,https://d8g5mz6srwlcs.cloudfront.net/thumbnail/678dd237eb636607360964.jpg,/commercial-blend/premium-espresso-blend-1kg-50-arabica-50-robusta?item_list_name=Categories&item_list_id=categories_coffee&item_list_index=2
Kopi Susu Blend - 500gr,83700,4.9,137200,https://d8g5mz6srwlcs.cloudfront.net/thumbnail/65e6865280850695415970.jpg,/commercial-blend/kopi-susu-blend-500gr?item_list_name=Categories&item_list_id=categories_coffee&item_list_index=3
Kopi Gold Blend - 500gr,93600,4.9,90100,https://d8g5mz6srwlcs.cloudfront.net/thumbnail/6706390088a59218166342.jpg,/commercial-blend/kopi-gold-blend-500gr?item_list_name=Categories&item_list_id=categories_coffee&item_list_index=4
Kopi Kapsul - O10 Crema Espresso Coffee Capsule Nespresso Compatible,74500,5.0,25900,https://d8g5mz6srwlcs.cloudfront.net/thumbnail/677619d2cc626499327097.jpg,/capsules/kopi-kapsul-o10-crema-espresso-coffee-capsule?item_list_name=Categories&item_list_id=categories_coffee&item_list_index=5
Premium Arabica - Kopi House Blend 500gr,111600,4.9,55900,https://d8g5mz6srwlcs.cloudfront.net/thumbnail/66cd743335c73792695344.jpg,/commercial-blend/premium-arabica-kopi-house-blend-500gr?item_list_name=Categories&item_list_id=categories_coffee&item_list_index=6
Kopi Breakfast Blend - 500gr,66600,4.9,50200,https://d8g5mz6srwlcs.cloudfront.net/thumbnail/6706384674ccd542649425.jpg,/commercial-blend/breakfast-blend-500gr?item_list_name=Categories&item_list_id=categories_coffee&item_list_index=7
Biji Bubuk Kopi 100% Full Arabica Gayo Komersil House Blend 1kg Otten Coffee,162000,4.9,10300,https://d8g5mz6srwlcs.cloudfront.net/thumbnail/678dd296d6c17417234374.jpg,/commercial-blend/100-arabica-gayo-1-kg-komersil-house-blend?item_list_name=Categories&item_list_id=categories_coffee&item_list_index=8
Golden Crema - Kopi House Blend 500gr,117000,4.9,13800,https://d8g5mz6srwlcs.cloudfront.net/thumbnail/66cd74836405f748352699.jpg,/commercial-blend/golden-crema-kopi-house-blend-500gr?item_list_name=Categories&item_list_id=categories_coffee&item_list_index=9
Kopi Kapsul - O10 Breakfast Blend Coffee Capsule Nespresso Compatible,74500,5.0,13600,https://d8g5mz6srwlcs.cloudfront.net/thumbnail/6776193c233a3608708092.jpg,/capsules/kopi-kapsul-o10-breakfast-blend-coffee-capsule?item_list_name=Categories&item_list_id=categories_coffee&item_list_index=10
Kopi Kapsul - O10 Kopi Susu Blend Coffee Capsule Nespresso Compatible,74500,4.9,18600,https://d8g5mz6srwlcs.cloudfront.net/thumbnail/6776199470742289164486.jpg,/capsules/kopi-kapsul-o10-kopi-susu-blend-coffee-capsule?item_list_name=Categories&item_list_id=categories_coffee&item_list_index=11
Crema Espresso 2.0 - Kopi House Blend 500gr,111600,4.9,29800,https://d8g5mz6srwlcs.cloudfront.net/thumbnail/66cd74c2761e6429219557.jpg,/commercial-blend/crema-espresso-2-0-kopi-house-blend-500gr?item_list_name=Categories&item_list_id=categories_coffee&item_list_index=12
Biji Bubuk Kopi 100% Full Robusta Premium House Blend 1kg Otten Coffee,135900,5.0,6300,https://d8g5mz6srwlcs.cloudfront.net/thumbnail/678dd26a2968c476506242.jpg,/commercial-blend/100-robusta-premium-1-kg-komersil-house-blend?item_list_name=Categories&item_list_id=categories_coffee&item_list_index=13
Kopi Kapsul - O10 Arabica Gayo Wet Hulled Coffee Capsule Nespresso Compatible,74500,5.0,10100,https://d8g5mz6srwlcs.cloudfront.net/thumbnail/672209c6d1191708474038.jpg,/capsules/kopi-kapsul-o10-arabica-gayo-wet-hulled-coffee-capsule?item_list_name=Categories&item_list_id=categories_coffee&item_list_index=14
Eastpresso - Kopi House Blend 500gr,120600,4.9,27400,https://d8g5mz6srwlcs.cloudfront.net/thumbnail/66fbd59ee1acb844081760.jpg,/commercial-blend/eastpresso-kopi-house-blend-500gr?item_list_name=Categories&item_list_id=categories_coffee&item_list_index=15
Aceh Gayo Atu Lintang 200g Kopi Arabica,79200,4.9,57000,https://d8g5mz6srwlcs.cloudfront.net/thumbnail/66c83915b6de8936360590.jpg,/coffee-beans/kopi-arabica-gayo-atu-lintang?item_list_name=Categories&item_list_id=categories_coffee&item_list_index=16
Kopi Kapsul - O10 Premium Taste Blend Coffee Capsule Nespresso Compatible,74500,4.8,10200,https://d8g5mz6srwlcs.cloudfront.net/thumbnail/677619127ef98034733411.jpg,/capsules/kopi-kapsul-o10-premium-taste-blend-coffee-capsule?item_list_name=Categories&item_list_id=categories_coffee&item_list_index=17
Cappuccino Del Italiano - Kopi House Blend 500gr,85500,4.9,22800,https://d8g5mz6srwlcs.cloudfront.net/thumbnail/670637f78f80f376472678.jpg,/commercial-blend/cappuccino-del-italiano-kopi-house-blend-500gr?item_list_name=Categories&item_list_id=categories_coffee&item_list_index=18
Kopi Crema Espresso 1kg Biji Bubuk Kopi Arabica Robusta Otten Coffee,220500,5.0,7300,https://d8g5mz6srwlcs.cloudfront.net/thumbnail/678dd0fc0fc50825539071.jpg,/commercial-blend/crema-espresso-1kg?item_list_name=Categories&item_list_id=categories_coffee&item_list_index=19
Kopi Susu Blend - 200gr,46350,4.9,16200,https://d8g5mz6srwlcs.cloudfront.net/thumbnail/66c844a79499e478443414.jpg,/commercial-blend/kopi-susu-blend-200g?item_list_name=Categories&item_list_id=categories_coffee&item_list_index=20
Aceh Gayo Wine Process 200g Kopi Arabica,106200,4.9,16300,https://d8g5mz6srwlcs.cloudfront.net/thumbnail/66c707691f492114064292.jpg,/coffee-beans/aceh-gayo-wine-process-200g-kopi-arabica?item_list_name=Categories&item_list_id=categories_coffee&item_list_index=21
Sidikalang 200g Kopi Arabica,106200,4.8,41600,https://d8g5mz6srwlcs.cloudfront.net/thumbnail/66c8364ddfdf6877085661.jpg,/coffee-beans/kopi-arabica-sidikalang?item_list_name=Categories&item_list_id=categories_coffee&item_list_index=22
Le Naturale - Kopi House Blend 500gr,125100,4.9,7600,https://d8g5mz6srwlcs.cloudfront.net/thumbnail/670639809ebae895135992.jpg,/commercial-blend/le-naturale-kopi-house-blend-500gr?item_list_name=Categories&item_list_id=categories_coffee&item_list_index=23
Aceh Gayo Honey Process 200g Kopi Arabica,84600,4.9,34900,https://d8g5mz6srwlcs.cloudfront.net/thumbnail/66c832c54d92f598078685.jpg,/coffee-beans/gayo-honey-process-200g-kopi-arabica?item_list_name=Categories&item_list_id=categories_coffee&item_list_index=24
Kopi Kapsul - O10 Arabica Infused Fruit Candy Coffee Capsule Nespresso Compatible,74500,4.9,5800,https://d8g5mz6srwlcs.cloudfront.net/thumbnail/67220aff54b8a934963894.jpg,/capsules/kopi-kapsul-o10-arabica-infused-fruit-candy-coffee-capsule?item_list_name=Categories&item_list_id=categories_coffee&item_list_index=25
Kopi Kapsul - O10 Arabica Kerinci Honey Coffee Capsule Nespresso Compatible,74500,4.8,6300,https://d8g5mz6srwlcs.cloudfront.net/thumbnail/67220a4ab0b6f439958922.jpg,/capsules/kopi-kapsul-o10-arabica-kerinci-honey-coffee-capsule?item_list_name=Categories&item_list_id=categories_coffee&item_list_index=26
Kopi Kapsul - O10 Robusta Infused Choco Chip Cookie Coffee Capsule Nespresso Compatible,74500,5.0,6500,https://d8g5mz6srwlcs.cloudfront.net/thumbnail/67220a20cef08790544265.jpg,/capsules/kopi-kapsul-o10-robusta-infused-choco-chip-cookie-coffee-capsule?item_list_name=Categories&item_list_id=categories_coffee&item_list_index=27
Kopi Kapsul - O10 Arabica Toraja Sapan Coffee Capsule Nespresso Compatible,74500,5.0,6400,https://d8g5mz6srwlcs.cloudfront.net/thumbnail/67220983852fe380972546.jpg,/capsules/kopi-kapsul-o10-arabica-toraja-sapan-coffee-capsule?item_list_name=Categories&item_list_id=categories_coffee&item_list_index=28
Kopi Kapsul - O10 Robusta Blend Coffee Capsule Nespresso Compatible,74500,5.0,3200,https://d8g5mz6srwlcs.cloudfront.net/thumbnail/67220af252677153889814.jpg,/capsules/kopi-kapsul-o10-robusta-blend-coffee-capsule-nespresso-compatible?item_list_name=Categories&item_list_id=categories_coffee&item_list_index=29
Premium Taste - Kopi House Blend 1 kg,184500,4.9,6300,https://d8g5mz6srwlcs.cloudfront.net/thumbnail/666abb8436d75232130004.jpg,/commercial-blend/premium-taste-kopi-house-blend-1-kg?item_list_name=Categories&item_list_id=categories_coffee&item_list_index=30
Kopi Silver Blend - 500gr,84600,4.8,22900,https://d8g5mz6srwlcs.cloudfront.net/thumbnail/670638c461b48619297080.jpg,/commercial-blend/kopi-silver-blend-500gr?item_list_name=Categories&item_list_id=categories_coffee&item_list_index=31
Kopi Kapsul - O10 Robusta Aceh Gayo Coffee Capsule Nespresso Compatible,74500,5.0,3600,https://d8g5mz6srwlcs.cloudfront.net/thumbnail/6776189c48b95414455402.jpg,/capsules/kopi-kapsul-o10-robusta-aceh-gayo-coffee-capsule-nespresso-compatible?item_list_name=Categories&item_list_id=categories_coffee&item_list_index=32
Kopi Kapsul - O10 Arabica Papua Coffee Capsule Nespresso Compatible,74500,4.7,3000,https://d8g5mz6srwlcs.cloudfront.net/thumbnail/6721f1ffe463b930030156.jpg,/capsules/kopi-kapsul-o10-arabica-papua-coffee-capsule-nespresso-compatible?item_list_name=Categories&item_list_id=categories_coffee&item_list_index=33
Papua Paneli 200g Kopi Arabica,133200,4.8,5100,https://d8g5mz6srwlcs.cloudfront.net/thumbnail/66c70810ddcc3044537481.jpg,/coffee-beans/papua-paneli-full-washed-200g-kopi-arabica?item_list_name=Categories&item_list_id=categories_coffee&item_list_index=34
Flores Bajawa 200g Kopi Arabica,111600,4.9,26800,https://d8g5mz6srwlcs.cloudfront.net/thumbnail/66c837159e95f399777658.jpg,/coffee-beans/kopi-arabica-flores-bajawa?item_list_name=Categories&item_list_id=categories_coffee&item_list_index=35
Cappuccino Del Italiano - Kopi House Blend 200gr,42750,4.9,8700,https://d8g5mz6srwlcs.cloudfront.net/thumbnail/66c84a17d2d0e912579793.jpg,/commercial-blend/cappuccino-del-italiano-kopi-house-blend-200gr?item_list_name=Categories&item_list_id=categories_coffee&item_list_index=36
7 Days Single Origin Drip Coffee - Fruity,119000,4.9,2600,https://d8g5mz6srwlcs.cloudfront.net/thumbnail/66cd5ba61633e653626779.jpg,/drip-coffee/7-days-single-origin-drip-coffee-fruity?item_list_name=Categories&item_list_id=categories_coffee&item_list_index=37
Toraja Sapan 200g Kopi Arabica,129600,4.9,20300,https://d8g5mz6srwlcs.cloudfront.net/thumbnail/66c835187addc271470098.jpg,/coffee-beans/kopi-arabica-toraja-sapan?item_list_name=Categories&item_list_id=categories_coffee&item_list_index=38
Kopi Kapsul - O10 Arabica Blend Coffee Capsule Nespresso Compatible,74500,5.0,2300,https://d8g5mz6srwlcs.cloudfront.net/thumbnail/6721ec3906556289000316.jpg,/capsules/kopi-kapsul-o10-arabica-blend-coffee-capsule-nespresso-compatible?item_list_name=Categories&item_list_id=categories_coffee&item_list_index=39
Wanoja Kamojang Natural Process 200g Kopi Arabica,138600,4.9,4700,https://d8g5mz6srwlcs.cloudfront.net/thumbnail/671a88bee779e988439182.jpg,/coffee-beans/wanoja-kamojang-natural-process-200g-kopi-arabica?item_list_name=Categories&item_list_id=categories_coffee&item_list_index=40
Aceh Gayo Natural Process 200g Kopi Arabica,88200,4.9,19800,https://d8g5mz6srwlcs.cloudfront.net/thumbnail/66c837bb96b37850191467.jpg,/coffee-beans/kopi-arabica-gayo-natural?item_list_name=Categories&item_list_id=categories_coffee&item_list_index=41
Kopi Kapsul - O10 Decaffeinated Coffee Capsule Nespresso Compatible,74500,5.0,5600,https://d8g5mz6srwlcs.cloudfront.net/thumbnail/6776196fd0e16076437809.jpg,/capsules/kopi-kapsul-o10-decaff-mexico-coffee-capsule?item_list_name=Categories&item_list_id=categories_coffee&item_list_index=42
Bali Kintamani 200g Kopi Arabica,111600,4.9,25000,https://d8g5mz6srwlcs.cloudfront.net/thumbnail/66c82cf01c37d733940661.jpg,/coffee-beans/kopi-arabica-bali-kintamani?item_list_name=Categories&item_list_id=categories_coffee&item_list_index=43
Kopi Kapsul - O10 Arabica Flores Manggarai Blend Coffee Capsule Nespresso Compatible,74500,5.0,4300,https://d8g5mz6srwlcs.cloudfront.net/thumbnail/67220a3ebbfcf418905941.jpg,/capsules/kopi-kapsul-o10-arabica-flores-manggarai-blend-coffee-capsule?item_list_name=Categories&item_list_id=categories_coffee&item_list_index=44
Kopi Robusta Aceh Gayo 200g,75600,4.9,25100,https://d8g5mz6srwlcs.cloudfront.net/thumbnail/66c82dc791ffa895113600.jpg,/coffee-beans/kopi-robusta-aceh-gayo?item_list_name=Categories&item_list_id=categories_coffee&item_list_index=45
Aceh Gayo Wine Process 500g Kopi Arabica,212400,4.9,4100,https://d8g5mz6srwlcs.cloudfront.net/thumbnail/662b349a3e7bd711825903.jpg,/coffee-beans/aceh-gayo-wine-process-500g-kopi-arabica?item_list_name=Categories&item_list_id=categories_coffee&item_list_index=46
Aceh Gayo Atu Lintang 500g Kopi Arabica,158400,4.9,25500,https://d8g5mz6srwlcs.cloudfront.net/thumbnail/6214a96973a64986561936.jpg,/coffee-beans/kopi-arabica-gayo-atu-lintang-500g?item_list_name=Categories&item_list_id=categories_coffee&item_list_index=47
Kopi Kapsul - O10 Arabica Luwak Coffee Capsule Nespresso Compatible,94500,4.9,4400,https://d8g5mz6srwlcs.cloudfront.net/thumbnail/672209666d1dd580230171.jpg,/capsules/kopi-kapsul-o10-arabica-luwak-coffee-capsule?item_list_name=Categories&item_list_id=categories_coffee&item_list_index=48
7 Days Single Origin Drip Coffee - Nutty and Choco,119000,5.0,2400,https://d8g5mz6srwlcs.cloudfront.net/thumbnail/66cd5b6541109354316982.jpg,/drip-coffee/7-days-single-origin-drip-coffee-nutty-and-choco?item_list_name=Categories&item_list_id=categories_coffee&item_list_index=49
Bali Ulian Natural 200g Kopi Arabica,115200,4.9,5100,https://d8g5mz6srwlcs.cloudfront.net/thumbnail/66c8411a8b072989095310.jpg,/coffee-beans/bali-ulian-natural-200g-kopi-arabica?item_list_name=Categories&item_list_id=categories_coffee&item_list_index=50
Kopi Kapsul - O10 Le Naturale Blend Coffee Capsule Nespresso Compatible,74500,5.0,3200,https://d8g5mz6srwlcs.cloudfront.net/thumbnail/677618efcc101589920734.jpg,/capsules/kopi-kapsul-o10-le-naturale-blend-coffee-capsule?item_list_name=Categories&item_list_id=categories_coffee&item_list_index=51
Aceh Gayo Honey Process 500g Kopi Arabica,169200,4.8,12500,https://d8g5mz6srwlcs.cloudfront.net/thumbnail/662b3528964b1898802105.jpg,/coffee-beans/gayo-honey-process-500g-kopi-arabica?item_list_name=Categories&item_list_id=categories_coffee&item_list_index=52
Kopi Kapsul - O10 Eastpresso Blend Coffee Capsule Nespresso Compatible,74500,5.0,1800,https://d8g5mz6srwlcs.cloudfront.net/thumbnail/67220adb90314062242540.jpg,/capsules/kopi-kapsul-o10-eastpresso-blend-coffee-capsule-nespresso-compatible?item_list_name=Categories&item_list_id=categories_coffee&item_list_index=53
Argopuro Anaerobic Natural 200g Kopi Arabica,106200,5.0,0,https://d8g5mz6srwlcs.cloudfront.net/thumbnail/6715ce12ac59a358512531.jpg,/coffee-beans/argopuro-anaerobic-natural-200g-kopi-arabica?item_list_name=Categories&item_list_id=categories_coffee&item_list_index=54
Wanoja Kamojang Anaerobic Honey Process 200g Kopi Arabica,166500,4.9,4000,https://d8g5mz6srwlcs.cloudfront.net/thumbnail/63623e2a55335024133293.png,/coffee-beans/wanoja-kamojang-anaerobic-honey-process-200g-kopi-arabica?item_list_name=Categories&item_list_id=categories_coffee&item_list_index=55
Mandheling 200g Kopi Arabica,84600,4.9,22600,https://d8g5mz6srwlcs.cloudfront.net/thumbnail/66c836f79767f357730844.jpg,/coffee-beans/kopi-arabica-mandheling?item_list_name=Categories&item_list_id=categories_coffee&item_list_index=56
Guatemala Huehuetenango 200g Kopi Arabica,93600,4.9,1300,https://d8g5mz6srwlcs.cloudfront.net/thumbnail/6715cda0d8846629784144.jpg,/coffee-beans/guatemala-shb-huehuetenango-200g-kopi-arabica?item_list_name=Categories&item_list_id=categories_coffee&item_list_index=57
Kopi Kapsul - O10 Robusta Infused Choco Banana Coffee Capsule Nespresso Compatible,74500,4.8,3500,https://d8g5mz6srwlcs.cloudfront.net/thumbnail/677618c15df97587143555.jpg,/capsules/kopi-kapsul-o10-robusta-infused-choco-banana-coffee-capsule?item_list_name=Categories&item_list_id=categories_coffee&item_list_index=58
Ethiopia Yirgacheffe 200g Kopi Arabica,115200,4.9,2200,https://d8g5mz6srwlcs.cloudfront.net/thumbnail/6715cd2fa6e06245118190.jpg,/coffee-beans/kopi-arabica-yirgacheffee?item_list_name=Categories&item_list_id=categories_coffee&item_list_index=59
Kopi Luwak Arabica 100g Giftbox,200000,4.8,5300,https://d8g5mz6srwlcs.cloudfront.net/thumbnail/63f5ea6bb9786442968027.jpg,/kopi-luwak/kopi-luwak-arabica-100g-giftbox?item_list_name=Categories&item_list_id=categories_coffee&item_list_index=60
Kopi Kapsul - O10 Arabica Infused Rock Mango Coffee Capsule Nespresso Compatible,74500,4.7,2900,https://d8g5mz6srwlcs.cloudfront.net/thumbnail/67220a7022b83266839535.jpg,/capsules/kopi-kapsul-o10-arabica-infused-rock-mango-coffee-capsule?item_list_name=Categories&item_list_id=categories_coffee&item_list_index=61
Kopi Robusta Temanggung 200g,75600,4.8,3300,https://d8g5mz6srwlcs.cloudfront.net/thumbnail/678dc900d8d5c072140621.jpg,/coffee-beans/kopi-robusta-temanggung-200g?item_list_name=Categories&item_list_id=categories_coffee&item_list_index=62
Kopi Luwak Arabica 250g Pouch,400000,4.8,4900,https://d8g5mz6srwlcs.cloudfront.net/thumbnail/64915a5d77a65818242530.jpg,/kopi-luwak/kopi-luwak-arabica-250g-pouch?item_list_name=Categories&item_list_id=categories_coffee&item_list_index=63
Biji / Bubuk Kopi Infused - Fruit Candy Arabica Coffee 120g,71100,4.9,4500,https://d8g5mz6srwlcs.cloudfront.net/thumbnail/639d28a6cbcff777322616.jpg,/coffee-beans/biji-bubuk-kopi-infused-fruit-candy-arabica-coffee-120g?item_list_name=Categories&item_list_id=categories_coffee&item_list_index=64
Silver Knight - Kopi House Blend 1 kg,157500,4.9,3500,https://d8g5mz6srwlcs.cloudfront.net/thumbnail/666abca232494083421808.jpg,/commercial-blend/silver-knight-kopi-house-blend-1-kg?item_list_name=Categories&item_list_id=categories_coffee&item_list_index=65
Sidikalang 500g Kopi Arabica,212400,4.9,13300,https://d8g5mz6srwlcs.cloudfront.net/thumbnail/63aebd5733a68913948251.jpg,/coffee-beans/sidikalang-500g-kopi-arabica?item_list_name=Categories&item_list_id=categories_coffee&item_list_index=66
Aceh Gayo Anaerob Natural 200g Kopi Arabica,93600,4.9,7400,https://d8g5mz6srwlcs.cloudfront.net/thumbnail/66c82dda42f3d059482170.jpg,/coffee-beans/aceh-gayo-anaerob-natural-200g-kopi-arabica?item_list_name=Categories&item_list_id=categories_coffee&item_list_index=67
Lintong Onan Ganjang 200g Kopi Arabica,88200,4.9,19700,https://d8g5mz6srwlcs.cloudfront.net/thumbnail/66c82ce853fc0637205244.jpg,/coffee-beans/kopi-arabica-lintong-onan-ganjang?item_list_name=Categories&item_list_id=categories_coffee&item_list_index=68
Kopi Robusta Sidikalang 200g,75600,4.9,19700,https://d8g5mz6srwlcs.cloudfront.net/thumbnail/66c82ed8ca485789433868.jpg,/coffee-beans/kopi-robusta-sidikalang?item_list_name=Categories&item_list_id=categories_coffee&item_list_index=69
Colombia RFA & NKG Vertified SKN Caribecafe 200g Kopi Arabica,84600,4.8,956,https://d8g5mz6srwlcs.cloudfront.net/thumbnail/67065f5362a39112907939.jpg,/coffee-beans/colombia-rfa-nkg-vertified-skn-caribecafe-200g-kopi-arabica?item_list_name=Categories&item_list_id=categories_coffee&item_list_index=70
Decaffeinated Columbia Sugar Cane Process 200g,94500,4.8,1900,https://d8g5mz6srwlcs.cloudfront.net/thumbnail/678f5644f1cd6338831896.jpg,/coffee-beans/decaffeinated-columbia-sugar-cane-process-200g?item_list_name=Categories&item_list_id=categories_coffee&item_list_index=71
Gold Power - Kopi House Blend 1 kg,166500,4.7,2400,https://d8g5mz6srwlcs.cloudfront.net/thumbnail/666abc8535add881596310.jpg,/commercial-blend/gold-power-kopi-house-blend-1-kg?item_list_name=Categories&item_list_id=categories_coffee&item_list_index=72
Mandheling Honey Process 200g Kopi Arabica,93600,4.8,8000,https://d8g5mz6srwlcs.cloudfront.net/thumbnail/66c830bab1ff9008687286.jpg,/coffee-beans/kopi-arabica-mandheling-honey-process?item_list_name=Categories&item_list_id=categories_coffee&item_list_index=73
Papua Baliem 200g Kopi Arabica,102600,5.0,383,https://d8g5mz6srwlcs.cloudfront.net/thumbnail/67063b27c8228423158614.jpg,/coffee-beans/papua-baliem-200g-kopi-arabica?item_list_name=Categories&item_list_id=categories_coffee&item_list_index=74
Mandheling Natural Process 200g Kopi Arabica,102600,4.9,6400,https://d8g5mz6srwlcs.cloudfront.net/thumbnail/66c83860c6b7d586488394.jpg,/coffee-beans/mandheling-natural-process-200g-kopi-arabica?item_list_name=Categories&item_list_id=categories_coffee&item_list_index=75
Aceh Gayo Natural Process 500g Kopi Arabica,176400,4.9,9500,https://d8g5mz6srwlcs.cloudfront.net/thumbnail/63aeb89e5b6d5258961474.jpg,/coffee-beans/gayo-natural-process-500g-kopi-arabica?item_list_name=Categories&item_list_id=categories_coffee&item_list_index=76
Java Ciwidey 200g Kopi Arabica,106200,4.9,9100,https://d8g5mz6srwlcs.cloudfront.net/thumbnail/66c801e768649435397008.jpg,/coffee-beans/java-ciwidey-200g-kopi-arabica?item_list_name=Categories&item_list_id=categories_coffee&item_list_index=77
Kopi Robusta Sidikalang 500g,151200,4.8,3800,https://d8g5mz6srwlcs.cloudfront.net/thumbnail/63ae466d1e985106649987.jpg,/coffee-beans/kopi-robusta-sidikalang-500g?item_list_name=Categories&item_list_id=categories_coffee&item_list_index=78
Kopi Robusta Dampit 200g,75600,4.9,4100,https://d8g5mz6srwlcs.cloudfront.net/thumbnail/66c833a2328a9192835391.jpg,/coffee-beans/kopi-robusta-dampit-200g?item_list_name=Categories&item_list_id=categories_coffee&item_list_index=79
Currantly in Bali - Kopi House Blend 200gr,87750,4.9,3000,https://d8g5mz6srwlcs.cloudfront.net/thumbnail/66c849f3f0460980724626.jpg,/commercial-blend/currantly-in-bali-kopi-house-blend-200gr?item_list_name=Categories&item_list_id=categories_coffee&item_list_index=80
Kopi Robusta Aceh Gayo 500g,151200,4.9,6200,https://d8g5mz6srwlcs.cloudfront.net/thumbnail/6214aa4997163407320619.jpg,/coffee-beans/kopi-robusta-aceh-gayo-500g?item_list_name=Categories&item_list_id=categories_coffee&item_list_index=81
Papua New Guinea 200g Kopi Arabica,93600,4.8,1400,https://d8g5mz6srwlcs.cloudfront.net/thumbnail/671a8a454e498427453059.jpg,/coffee-beans/papua-new-guinea-200g-kopi-arabica?item_list_name=Categories&item_list_id=categories_coffee&item_list_index=82
Biji / Bubuk Kopi Infused - Rock Mango Arabica Coffee 120g,71100,4.9,2900,https://d8g5mz6srwlcs.cloudfront.net/thumbnail/639d2878dc526939148682.jpg,/coffee-beans/biji-bubuk-kopi-infused-rock-mango-arabica-coffee-120g?item_list_name=Categories&item_list_id=categories_coffee&item_list_index=83
Flores Manggarai Natural Process 200g Kopi Arabica,138600,4.9,4400,https://d8g5mz6srwlcs.cloudfront.net/thumbnail/66c840ff955e6550366973.jpg,/coffee-beans/flores-manggarai-natural-process-200g-kopi-arabica?item_list_name=Categories&item_list_id=categories_coffee&item_list_index=84
Toraja Sapan 500g Kopi Arabica,259200,4.9,6700,https://d8g5mz6srwlcs.cloudfront.net/thumbnail/63ae9eb10655e066194436.jpg,/coffee-beans/kopi-arabica-toraja-sapan-500g?item_list_name=Categories&item_list_id=categories_coffee&item_list_index=85
Flores Manggarai 200g Kopi Arabica,111600,4.9,6600,https://d8g5mz6srwlcs.cloudfront.net/thumbnail/66c832a6cc2c8781809973.jpg,/coffee-beans/kopi-arabica-flores-manggarai?item_list_name=Categories&item_list_id=categories_coffee&item_list_index=86
Java Ciwidey Honey Process 200g Kopi Arabica,115200,4.9,3700,https://d8g5mz6srwlcs.cloudfront.net/thumbnail/671a88187c3ef560204392.jpg,/coffee-beans/java-ciwidey-honey-process-200g-kopi-arabica?item_list_name=Categories&item_list_id=categories_coffee&item_list_index=87
Honduras GEA - 100% Woman Produced 200g Kopi Arabica,102600,4.8,641,https://d8g5mz6srwlcs.cloudfront.net/thumbnail/6706379ee32b8247335399.jpg,/coffee-beans/honduras-gea-100-woman-produced-200g-kopi-arabica?item_list_name=Categories&item_list_id=categories_coffee&item_list_index=88
Peaberry 200g Kopi Arabica,84600,4.9,8000,https://d8g5mz6srwlcs.cloudfront.net/thumbnail/66c83866db1f5919898082.jpg,/coffee-beans/kopi-arabica-peaberry?item_list_name=Categories&item_list_id=categories_coffee&item_list_index=89
Java Sindoro Natural Process 200g Kopi Arabica,115200,4.9,1900,https://d8g5mz6srwlcs.cloudfront.net/thumbnail/66c8339aa7e5a765688702.jpg,/coffee-beans/java-sindoro-natural-process-200g-kopi-arabica?item_list_name=Categories&item_list_id=categories_coffee&item_list_index=90
Mandheling 500g Kopi Arabica,169200,4.9,6500,https://d8g5mz6srwlcs.cloudfront.net/thumbnail/63ae4b59bec6d016955213.jpg,/coffee-beans/kopi-arabica-mandheling-500g?item_list_name=Categories&item_list_id=categories_coffee&item_list_index=91
Java Temanggung Natural Process 200g Kopi Arabica,106200,4.9,2400,https://d8g5mz6srwlcs.cloudfront.net/thumbnail/66c837d1271db303247527.jpg,/coffee-beans/java-temanggung-natural-process-200g-kopi-arabica?item_list_name=Categories&item_list_id=categories_coffee&item_list_index=92
Lintong Onan Ganjang 500g Kopi Arabica,176400,4.9,6900,https://d8g5mz6srwlcs.cloudfront.net/thumbnail/63aebb4acef52127392932.jpg,/coffee-beans/kopi-arabica-lintong-onan-ganjang-500g?item_list_name=Categories&item_list_id=categories_coffee&item_list_index=93
Biji / Bubuk Kopi Infused - Fruit Punch Arabica Coffee 120g,71100,4.9,2300,https://d8g5mz6srwlcs.cloudfront.net/thumbnail/639d28c86170a211683875.jpg,/coffee-beans/biji-bubuk-kopi-infused-fruit-punch-arabica-coffee-120g?item_list_name=Categories&item_list_id=categories_coffee&item_list_index=94
Bali Kintamani 500g Kopi Arabica,223200,4.9,6100,https://d8g5mz6srwlcs.cloudfront.net/thumbnail/63aebc498d88a395756241.jpg,/coffee-beans/kopi-arabica-bali-kintamani-500g?item_list_name=Categories&item_list_id=categories_coffee&item_list_index=95
Biji / Bubuk Kopi Infused - Choco Chip Cookie Robusta Coffee 120g,71100,4.8,1500,https://d8g5mz6srwlcs.cloudfront.net/thumbnail/63e33ef67f4af051792048.jpg,/coffee-beans/biji-bubuk-kopi-infused-choco-chip-cookie-robusta-coffee-120g?item_list_name=Categories&item_list_id=categories_coffee&item_list_index=96
Flores Bajawa 500g Kopi Arabica,223200,4.9,6000,https://d8g5mz6srwlcs.cloudfront.net/thumbnail/62ff41ec79d99530096908.jpg,/coffee-beans/flores-bajawa-500g-kopi-arabica?item_list_name=Categories&item_list_id=categories_coffee&item_list_index=97
Decaffeinated Columbia Sugar Cane Process 500g,189000,5.0,590,https://d8g5mz6srwlcs.cloudfront.net/thumbnail/678f5be2d6a37942226582.jpg,/coffee-beans/decaffeinated-columbia-sugar-cane-process-500g?item_list_name=Categories&item_list_id=categories_coffee&item_list_index=98
Eastpresso - Kopi House Blend 200gr,69750,4.9,2500,https://d8g5mz6srwlcs.cloudfront.net/thumbnail/66c844efa3857254973712.jpg,/commercial-blend/eastpresso-kopi-house-blend-200gr?item_list_name=Categories&item_list_id=categories_coffee&item_list_index=99
Aceh Gayo Anaerob Natural 500g Kopi Arabica,187200,4.9,2600,https://d8g5mz6srwlcs.cloudfront.net/thumbnail/63aea24a3b9c0642107769.jpg,/coffee-beans/aceh-gayo-anaerob-natural-500g-kopi-arabica?item_list_name=Categories&item_list_id=categories_coffee&item_list_index=100
Biji / Bubuk Kopi Infused - Choco Banana Robusta Coffee 120g,71100,4.7,1300,https://d8g5mz6srwlcs.cloudfront.net/thumbnail/63e33f09ab490608313191.jpg,/coffee-beans/biji-bubuk-kopi-infused-choco-banana-robusta-coffee-120g?item_list_name=Categories&item_list_id=categories_coffee&item_list_index=101
Bali Ulian Natural 500g Kopi Arabica,230400,4.9,1300,https://d8g5mz6srwlcs.cloudfront.net/thumbnail/678f55ec6df0e261666565.jpg,/coffee-beans/bali-ulian-natural-500g-kopi-arabica?item_list_name=Categories&item_list_id=categories_coffee&item_list_index=102
Biji / Bubuk Kopi Infused - Rum Raisin Arabica Coffee 120g,71100,5.0,816,https://d8g5mz6srwlcs.cloudfront.net/thumbnail/64dc4875e0aea903983436.jpg,/coffee-beans/biji-bubuk-kopi-infused-rum-raisin-arabica-coffee-120g?item_list_name=Categories&item_list_id=categories_coffee&item_list_index=103
India Peaberry RFA UTZ Kolarkhan Plantation 200g Kopi Arabica,97200,4.6,527,https://d8g5mz6srwlcs.cloudfront.net/thumbnail/671a8cd2bb5a0983891348.jpg,/coffee-beans/india-peaberry-rfa-utz-kolarkhan-plantation-200g-kopi-arabica?item_list_name=Categories&item_list_id=categories_coffee&item_list_index=104
Bali Ulian FW 200g Kopi Arabica,106200,4.8,1600,https://d8g5mz6srwlcs.cloudfront.net/thumbnail/66c8362126cd3366118877.jpg,/coffee-beans/bali-ulian-fw-200g-kopi-arabica?item_list_name=Categories&item_list_id=categories_coffee&item_list_index=105
Mandheling Honey Process 500g Kopi Arabica,187200,4.8,2200,https://d8g5mz6srwlcs.cloudfront.net/thumbnail/63ae52666d3d8752430748.jpg,/coffee-beans/kopi-arabica-mandheling-honey-process-500g?item_list_name=Categories&item_list_id=categories_coffee&item_list_index=106
Kopi Robusta Temanggung 500g,151200,5.0,1000,https://d8g5mz6srwlcs.cloudfront.net/thumbnail/6238008fa4d68429406687.jpg,/coffee-beans/kopi-robusta-temanggung-500g?item_list_name=Categories&item_list_id=categories_coffee&item_list_index=107
Mandheling Natural Process 500g Kopi Arabica,205200,4.9,1800,https://d8g5mz6srwlcs.cloudfront.net/thumbnail/63ae513c85ac3187463000.jpg,/coffee-beans/mandheling-natural-process-500g-kopi-arabica?item_list_name=Categories&item_list_id=categories_coffee&item_list_index=108
Biji / Bubuk Kopi Infused - Jasmine Bloom Arabica Coffee 120g,89100,4.8,662,https://d8g5mz6srwlcs.cloudfront.net/thumbnail/64dc49fae0487571842056.jpg,/coffee-beans/biji-bubuk-kopi-infused-jasmine-bloom-arabica-coffee-120g?item_list_name=Categories&item_list_id=categories_coffee&item_list_index=109
Peaberry 500g Kopi Arabica,169200,4.8,0,https://d8g5mz6srwlcs.cloudfront.net/thumbnail/63afff95afab3223038625.jpg,/coffee-beans/peaberry-500g-kopi-arabica?item_list_name=Categories&item_list_id=categories_coffee&item_list_index=110
Flores Manggarai Natural Process 500g Kopi Arabica,277200,4.8,1100,https://d8g5mz6srwlcs.cloudfront.net/thumbnail/63aec3aef3dcb543674574.jpg,/coffee-beans/flores-manggarai-natural-process-500g-kopi-arabica?item_list_name=Categories&item_list_id=categories_coffee&item_list_index=111
Kopi Robusta Dampit 500g,151200,4.8,1300,https://d8g5mz6srwlcs.cloudfront.net/thumbnail/6214a35090070138252105.jpg,/coffee-beans/kopi-robusta-dampit-500g?item_list_name=Categories&item_list_id=categories_coffee&item_list_index=112
Papua Wamena Bpiri 200g Kopi Arabica,138600,4.9,3600,https://d8g5mz6srwlcs.cloudfront.net/thumbnail/674fc62ebb341378696845.jpg,/coffee-beans/papua-wamena-bpiri-full-washed-200g-kopi-arabica?item_list_name=Categories&item_list_id=categories_coffee&item_list_index=113
Java Ciwidey Honey Process 500g Kopi Arabica,230400,4.9,0,https://d8g5mz6srwlcs.cloudfront.net/thumbnail/63aeb06d71a74226660127.jpg,/coffee-beans/java-ciwidey-honey-process-500g-kopi-arabica?item_list_name=Categories&item_list_id=categories_coffee&item_list_index=114
Green Bean Kopi Arabica Aceh Gayo Natural Process - 1 Kg,175000,4.7,1300,https://d8g5mz6srwlcs.cloudfront.net/thumbnail/5976e510b22cc291545639.jpg,/green-bean/green-bean-kopi-arabica-gayo-natural-process-1-kg?item_list_name=Categories&item_list_id=categories_coffee&item_list_index=115
Java Temanggung Natural Process 500g Kopi Arabica,212400,5.0,761,https://d8g5mz6srwlcs.cloudfront.net/thumbnail/63b001a7e8971242474706.jpg,/coffee-beans/java-temanggung-natural-process-500g-kopi-arabica?item_list_name=Categories&item_list_id=categories_coffee&item_list_index=116
Drip Coffee 10g Arabica Toraja Sapan (4 Sachet),70000,5.0,819,https://d8g5mz6srwlcs.cloudfront.net/thumbnail/65fb9ea2a82d6963021930.jpg,/drip-coffee/drip-coffee-10g-arabica-toraja-sapan-4-pcs?item_list_name=Categories&item_list_id=categories_coffee&item_list_index=117
Green Bean Kopi Arabica Wanoja Kamojang Natural Process - 1 KG,230000,5.0,245,https://d8g5mz6srwlcs.cloudfront.net/thumbnail/623c16a7a75e7497402552.jpg,/green-bean/green-bean-kopi-arabica-wanoja-kamojang-natural-process-1-kg?item_list_name=Categories&item_list_id=categories_coffee&item_list_index=118
Java Ciwidey 500g Kopi Arabica,212400,4.8,1600,https://d8g5mz6srwlcs.cloudfront.net/thumbnail/63f2e05ba55c6908557228.jpg,/coffee-beans/java-ciwidey-500g-kopi-arabica?item_list_name=Categories&item_list_id=categories_coffee&item_list_index=119
Bag In Box - Ready to Drink Cold Brew Coffee 2.5 L Original,145000,4.9,621,https://d8g5mz6srwlcs.cloudfront.net/thumbnail/638872f129bb9791190272.jpg,/ready-to-drink/bag-in-box-ready-to-drink-cold-brew-coffee-2-5-l-original?item_list_name=Categories&item_list_id=categories_coffee&item_list_index=120
Bali Ulian FW 500g Kopi Arabica,212400,5.0,383,https://d8g5mz6srwlcs.cloudfront.net/thumbnail/63b3d485b2685229948153.jpg,/coffee-beans/bali-ulian-fw-500g-kopi-arabica?item_list_name=Categories&item_list_id=categories_coffee&item_list_index=121
Refill Cold Brew - Arabica Flores Bajawa Full Wash,78000,4.8,0,https://d8g5mz6srwlcs.cloudfront.net/thumbnail/60473b4451430543891836.jpg,/cold-brew/cold-brew-arabica-flores-bajawa-full-wash-refill?item_list_name=Categories&item_list_id=categories_coffee&item_list_index=122
Green Bean Kopi Arabica Bali Kintamani - 1 Kg,195000,4.8,509,https://d8g5mz6srwlcs.cloudfront.net/thumbnail/564999fa9b7d8.jpg,/green-bean/green-bean-kopi-arabica-bali-kintamani-1-kg?item_list_name=Categories&item_list_id=categories_coffee&item_list_index=123
Green Bean Kopi Arabica Toraja Sapan - 1 Kg,220000,4.8,679,https://d8g5mz6srwlcs.cloudfront.net/thumbnail/56499863a30f9.jpg,/green-bean/green-bean-kopi-arabica-toraja-sapan-1-kg?item_list_name=Categories&item_list_id=categories_coffee&item_list_index=124
Drip Coffee 10g Arabica Aceh Gayo Atu Lintang (4 Sachet),60000,5.0,1500,https://d8g5mz6srwlcs.cloudfront.net/thumbnail/65fa56cb0de2b635538722.jpg,/drip-coffee/drip-coffee-10g-arabica-gayo-atu-lintang-4-pcs?item_list_name=Categories&item_list_id=categories_coffee&item_list_index=125
Drip Coffee 10g Arabica Flores Bajawa (4 Sachet),65000,5.0,774,https://d8g5mz6srwlcs.cloudfront.net/thumbnail/65fcea3694f23304194258.jpg,/drip-coffee/drip-coffee-10g-arabica-flores-bajawa-4-sachet?item_list_name=Categories&item_list_id=categories_coffee&item_list_index=126
Green Bean Kopi Arabica Mandheling - 1 Kg,175000,4.9,634,https://d8g5mz6srwlcs.cloudfront.net/thumbnail/5a4b358f709e3309902054.jpg,/green-bean/green-bean-kopi-arabica-mandheling-1-kg?item_list_name=Categories&item_list_id=categories_coffee&item_list_index=127
Flores Manggarai 500g Kopi Arabica,223200,4.9,1600,https://d8g5mz6srwlcs.cloudfront.net/thumbnail/63b3d37c42aea686053138.jpg,/coffee-beans/kopi-arabica-flores-manggarai-500g?item_list_name=Categories&item_list_id=categories_coffee&item_list_index=128
Bag In Box - Ready to Drink Cold Brew Coffee 2.5 L Sweetened / Manis,145000,5.0,186,https://d8g5mz6srwlcs.cloudfront.net/thumbnail/63887303a0b98982902840.jpg,/ready-to-drink/bag-in-box-ready-to-drink-cold-brew-coffee-2-5-l-sweetened-manis?item_list_name=Categories&item_list_id=categories_coffee&item_list_index=129
Green Bean Kopi Arabica Sidikalang - 1 Kg,175000,5.0,301,https://d8g5mz6srwlcs.cloudfront.net/thumbnail/581ada03bd023.jpg,/green-bean/green-bean-kopi-arabica-sidikalang-1-kg?item_list_name=Categories&item_list_id=categories_coffee&item_list_index=130
Green Bean Kopi Arabica Flores Manggarai Natural Process - 1 Kg,235000,5.0,180,https://d8g5mz6srwlcs.cloudfront.net/thumbnail/5b693f94564b8483548021.jpg,/green-bean/green-bean-kopi-arabica-flores-manggarai-natural-process-1-kg?item_list_name=Categories&item_list_id=categories_coffee&item_list_index=131
Green Bean Kopi Arabica Bali Ulian Natural - 1 Kg,190000,,273,https://d8g5mz6srwlcs.cloudfront.net/thumbnail/614860c7e13f1982537064.jpg,/green-bean/green-bean-kopi-arabica-bali-ulian-natural-1-kg?item_list_name=Categories&item_list_id=categories_coffee&item_list_index=132
Green Bean Kopi Arabica Aceh Gayo Atu Lintang - 1 Kg,160000,4.9,581,https://d8g5mz6srwlcs.cloudfront.net/thumbnail/56499aafaa22e.jpg,/green-bean/green-bean-kopi-arabica-gayo-atu-lintang-1-kg?item_list_name=Categories&item_list_id=categories_coffee&item_list_index=133
Green Bean Kopi Arabica Mandheling Honey Process - 1 Kg,195000,4.7,175,https://d8g5mz6srwlcs.cloudfront.net/thumbnail/58106e1cc4661.jpg,/green-bean/green-bean-kopi-arabica-mandheling-honey-process-1-kg?item_list_name=Categories&item_list_id=categories_coffee&item_list_index=134
Green Bean Kopi Arabica Lintong Onan Ganjang - 1 Kg,190000,4.8,4400,https://d8g5mz6srwlcs.cloudfront.net/thumbnail/5a34d2ba541af121553592.jpg,/green-bean/green-bean-kopi-arabica-lintong-onan-ganjang-1-kg?item_list_name=Categories&item_list_id=categories_coffee&item_list_index=135
Drip Coffee 10g Robusta Aceh Gayo (4 Sachet),55000,5.0,147,https://d8g5mz6srwlcs.cloudfront.net/thumbnail/65fa69b99bd6f757888714.jpg,/drip-coffee/drip-coffee-10g-robusta-aceh-gayo-4-sachet?item_list_name=Categories&item_list_id=categories_coffee&item_list_index=136
Drip Coffee 10g Arabica Bali Kintamani (4 Sachet),65000,5.0,0,https://d8g5mz6srwlcs.cloudfront.net/thumbnail/65fb9fc124e88336165339.jpg,/drip-coffee/drip-coffee-10g-arabica-bali-kintamani-4-pcs?item_list_name=Categories&item_list_id=categories_coffee&item_list_index=137
Drip Coffee 10g Arabica Papua Wamena (4 Sachet),75000,,530,https://d8g5mz6srwlcs.cloudfront.net/thumbnail/65fd33d028298036536567.jpg,/drip-coffee/drip-coffee-10g-arabica-papua-wamena-4-pcs?item_list_name=Categories&item_list_id=categories_coffee&item_list_index=138
Green Bean Kopi Arabica Aceh Gayo Honey Process - 1 Kg,170000,4.7,2300,https://d8g5mz6srwlcs.cloudfront.net/thumbnail/5976e5016a24a731791622.jpg,/green-bean/green-bean-kopi-arabica-gayo-honey-process-1-kg?item_list_name=Categories&item_list_id=categories_coffee&item_list_index=139
Green Bean Kopi Arabica Peaberry - 1 Kg,170000,4.9,231,https://d8g5mz6srwlcs.cloudfront.net/thumbnail/56e92ae8ea422.jpg,/green-bean/green-bean-kopi-arabica-peaberry-1-kg?item_list_name=Categories&item_list_id=categories_coffee&item_list_index=140
Kopi Kapsul - O10 Crema Espresso Coffee Capsule Nespresso Compatible - Bundle Pack 30 caps/pods,199000,5.0,14,https://d8g5mz6srwlcs.cloudfront.net/thumbnail/675fdd0441f24815341229.jpg,/capsules/kopi-kapsul-o10-crema-espresso-coffee-capsule-nespresso-compatible-bundle-pack-30-caps-pods?item_list_name=Categories&item_list_id=categories_coffee&item_list_index=141
Drip Coffee 10g Robusta Sidikalang (4 Sachet),60000,5.0,68,https://d8g5mz6srwlcs.cloudfront.net/thumbnail/65fa6932c5689352721434.jpg,/drip-coffee/drip-coffee-10g-robusta-sidikalang-4-sachet?item_list_name=Categories&item_list_id=categories_coffee&item_list_index=142
Drip Coffee 10g Arabica Java Ciwidey Honey Process (4 Sachet),70000,,145,https://d8g5mz6srwlcs.cloudfront.net/thumbnail/66cd4b2e880a7206520038.jpg,/drip-coffee/drip-coffee-10g-arabica-java-ciwidey-honey-process-4-sachet?item_list_name=Categories&item_list_id=categories_coffee&item_list_index=143
Green Bean Kopi Arabica Mandheling Natural Process - 1 Kg,220000,5.0,235,https://d8g5mz6srwlcs.cloudfront.net/thumbnail/58c6749d74991.jpg,/green-bean/green-bean-kopi-arabica-mandheling-natural-process-1-kg?item_list_name=Categories&item_list_id=categories_coffee&item_list_index=144
Drip Coffee 10g Arabica Aceh Gayo Honey Process (4 Sachet),65000,5.0,1100,https://d8g5mz6srwlcs.cloudfront.net/thumbnail/65fb9f4a1da6c799669713.jpg,/drip-coffee/drip-coffee-10g-arabica-gayo-honey-process-4-pcs?item_list_name=Categories&item_list_id=categories_coffee&item_list_index=145
Drip Coffee 10g Arabica Flores Manggarai Natural Process (4 Sachet),70000,,109,https://d8g5mz6srwlcs.cloudfront.net/thumbnail/65fce885c56f1529275813.jpg,/drip-coffee/drip-coffee-10g-arabica-flores-manggarai-natural-process-4-sachet?item_list_name=Categories&item_list_id=categories_coffee&item_list_index=146
Drip Coffee 10g Arabica Java Sindoro Natural Process (4 Sachet),70000,,16,https://d8g5mz6srwlcs.cloudfront.net/thumbnail/667cde5a1385a784709117.jpg,/drip-coffee/drip-coffee-10g-arabica-java-sindoro-natural-process-4-sachet?item_list_name=Categories&item_list_id=categories_coffee&item_list_index=147
Refill Cold Brew - Arabica Aceh Gayo Semi Washed,78000,5.0,172,https://d8g5mz6srwlcs.cloudfront.net/thumbnail/5ff437787fee6873866123.jpg,/cold-brew/cold-brew-arabica-aceh-gayo-semi-washed-refill?item_list_name=Categories&item_list_id=categories_coffee&item_list_index=148
Green Bean Kopi Arabica Flores Bajawa - 1 Kg,190000,4.9,354,https://d8g5mz6srwlcs.cloudfront.net/thumbnail/59a7acfc6ccbd958620189.jpg,/green-bean/green-bean-kopi-arabica-flores-bajawa-1-kg?item_list_name=Categories&item_list_id=categories_coffee&item_list_index=149
Drip Coffee 10g Arabica Mandheling Natural Process (4 Sachet),70000,5.0,371,https://d8g5mz6srwlcs.cloudfront.net/thumbnail/65fb9d94e95f4231273810.jpg,/drip-coffee/drip-coffee-10g-arabica-mandheling-natural-process-4-pcs?item_list_name=Categories&item_list_id=categories_coffee&item_list_index=150
Drip Coffee 10g Arabica Java Ciwidey (4 Sachet),65000,,0,https://d8g5mz6srwlcs.cloudfront.net/thumbnail/65fcea2d062f2322977398.jpg,/drip-coffee/drip-coffee-10g-arabica-java-ciwidey-4-sachet?item_list_name=Categories&item_list_id=categories_coffee&item_list_index=151
Green Bean Kopi Arabica Java Ciwidey - 1 Kg,180000,4.8,385,https://d8g5mz6srwlcs.cloudfront.net/thumbnail/5abc95ad0d762984966928.jpg,/green-bean/green-bean-kopi-arabica-java-ciwidey-1-kg?item_list_name=Categories&item_list_id=categories_coffee&item_list_index=152
Drip Coffee 10g Arabica Mandheling Honey Process (4 Sachet),65000,,0,https://d8g5mz6srwlcs.cloudfront.net/thumbnail/65fb9d8c77759863612696.jpg,/drip-coffee/drip-coffee-10g-arabica-mandheling-honey-process-4-pcs?item_list_name=Categories&item_list_id=categories_coffee&item_list_index=153
Drip Coffee 10g Arabica Sidikalang (4 Sachet),65000,5.0,0,https://d8g5mz6srwlcs.cloudfront.net/thumbnail/66cd4aa40077c872533727.jpg,/drip-coffee/drip-coffee-10g-arabica-sidikalang-4-pcs?item_list_name=Categories&item_list_id=categories_coffee&item_list_index=154
Refill Cold Brew - Arabica Aceh Gayo Atu Lintang Natural,78000,,0,https://d8g5mz6srwlcs.cloudfront.net/thumbnail/5fc1f7427eaef260200473.jpg,/cold-brew/cold-brew-arabica-aceh-gayo-atu-lintang-natural-refill?item_list_name=Categories&item_list_id=categories_coffee&item_list_index=155
Green Bean Kopi Arabica Java Temanggung Natural Process - 1 Kg,175000,5.0,142,https://d8g5mz6srwlcs.cloudfront.net/thumbnail/61021e947ede1772752719.jpg,/green-bean/green-bean-kopi-arabica-java-temanggung-natural-process-1-kg?item_list_name=Categories&item_list_id=categories_coffee&item_list_index=156
Drip Coffee 10g Arabica Java Wanoja Kamojang Natural Process (4 Sachet),70000,,7,https://d8g5mz6srwlcs.cloudfront.net/thumbnail/667cd79ef2da1353690490.jpg,/drip-coffee/drip-coffee-10g-arabica-java-wanoja-kamojang-natural-process-4-sachet?item_list_name=Categories&item_list_id=categories_coffee&item_list_index=157
Green Bean Kopi Arabica Bali Ulian FW - 1 Kg,180000,,124,https://d8g5mz6srwlcs.cloudfront.net/thumbnail/614860c0ad2aa089035539.jpg,/green-bean/green-bean-kopi-arabica-bali-ulian-full-washed-1-kg?item_list_name=Categories&item_list_id=categories_coffee&item_list_index=158
Green Bean Kopi Arabica Java Ciwidey Honey Process - 1 Kg,200000,,88,https://d8g5mz6srwlcs.cloudfront.net/thumbnail/5b6aa2dcc6253314924364.jpg,/green-bean/green-bean-kopi-arabica-java-ciwidey-honey-process-1-kg?item_list_name=Categories&item_list_id=categories_coffee&item_list_index=160
Drip Coffee 10g Robusta Lampung (4 Sachet),60000,,0,https://d8g5mz6srwlcs.cloudfront.net/thumbnail/65fa693c31625760162256.jpg,/drip-coffee/drip-coffee-10g-robusta-lampung-4-sachet?item_list_name=Categories&item_list_id=categories_coffee&item_list_index=161
Drip Coffee 10g Arabica Aceh Gayo Natural Process (4 Sachet),65000,,0,https://d8g5mz6srwlcs.cloudfront.net/thumbnail/66cd516d5c332391291864.jpg,/drip-coffee/drip-coffee-10g-arabica-gayo-natural-process-4-pcs?item_list_name=Categories&item_list_id=categories_coffee&item_list_index=162
Drip Coffee 10g Arabica Lintong Onan Ganjang (4 Sachet),65000,,0,https://d8g5mz6srwlcs.cloudfront.net/thumbnail/66cd49dd6b5e3049985249.jpg,/drip-coffee/drip-coffee-10g-arabica-lintong-onan-ganjang-4-pcs?item_list_name=Categories&item_list_id=categories_coffee&item_list_index=163
Drip Coffee 10g Arabica Bali Ulian FW (4 Sachet),65000,5.0,58,https://d8g5mz6srwlcs.cloudfront.net/thumbnail/65fa5e43555e4293760490.jpg,/drip-coffee/drip-coffee-10g-arabica-bali-ulian-fw-4-sachet?item_list_name=Categories&item_list_id=categories_coffee&item_list_index=164
Drip Coffee 10g Arabica Mandheling (4 Sachet),65000,,655,https://d8g5mz6srwlcs.cloudfront.net/thumbnail/65fb9d9b6edac200410094.jpg,/drip-coffee/drip-coffee-10g-arabica-mandheling-4-pcs?item_list_name=Categories&item_list_id=categories_coffee&item_list_index=165
Gewor Manglayang 200g Kopi Arabica,106200,5.0,0,https://d8g5mz6srwlcs.cloudfront.net/thumbnail/6788886be3dc6947861481.jpg,/coffee-beans/gewor-manglayang-200g-kopi-arabica?item_list_name=Categories&item_list_id=categories_coffee&item_list_index=166
Pana Mamasa 200g Kopi Arabica,106200,4.0,0,https://d8g5mz6srwlcs.cloudfront.net/thumbnail/67888850ed269001097676.jpg,/coffee-beans/pana-mamasa-200g-kopi-arabica?item_list_name=Categories&item_list_id=categories_coffee&item_list_index=167
Costa Rica Hacienda Sonora 150g Kopi Arabica,135000,4.0,0,https://d8g5mz6srwlcs.cloudfront.net/thumbnail/67861b932dcab308341454.jpg,/coffee-beans/costa-rica-hacienda-sonora-150g-kopi-arabica?item_list_name=Categories&item_list_id=categories_coffee&item_list_index=168
Ethiopia Danche 150g Kopi Arabica,135000,5.0,0,https://d8g5mz6srwlcs.cloudfront.net/thumbnail/67861b80ea678489736672.jpg,/coffee-beans/ethiopia-danche-150g-kopi-arabica?item_list_name=Categories&item_list_id=categories_coffee&item_list_index=169
Papua Sabin 200g Kopi Arabica,138600,,0,https://d8g5mz6srwlcs.cloudfront.net/thumbnail/678888651e5d4128808636.jpg,/coffee-beans/papua-sabin-200g-kopi-arabica?item_list_name=Categories&item_list_id=categories_coffee&item_list_index=170
Green Bean Kopi Arabica Flores Manggarai - 1 Kg,190000,5.0,137,https://d8g5mz6srwlcs.cloudfront.net/thumbnail/564c3c7fb3e9e.jpg,/green-bean/green-bean-kopi-arabica-flores-manggarai-1-kg?item_list_name=Categories&item_list_id=categories_coffee&item_list_index=171
Uganda Ibero Rwenzori Natural Process 200g Kopi Arabica,108000,4.8,868,https://d8g5mz6srwlcs.cloudfront.net/thumbnail/67065eae114d1359440770.jpg,/coffee-beans/uganda-ibero-rwenzori-natural-process-200g-kopi-arabica?item_list_name=Categories&item_list_id=categories_coffee&item_list_index=172
Java Ijen Natural Process 200g Kopi Arabica,138000,4.8,1900,https://d8g5mz6srwlcs.cloudfront.net/thumbnail/66c841d14a069002816308.jpg,/coffee-beans/java-ijen-natural-200g-kopi-arabica?item_list_name=Categories&item_list_id=categories_coffee&item_list_index=173
Java Ijen Red Honey Process 200g Kopi Arabica,128000,4.8,1200,https://d8g5mz6srwlcs.cloudfront.net/thumbnail/66c82fdfda3af233182165.jpg,/coffee-beans/java-ijen-red-honey-process-200g-kopi-arabica?item_list_name=Categories&item_list_id=categories_coffee&item_list_index=174
Kopi Robusta Bali 200g,78000,4.9,6700,https://d8g5mz6srwlcs.cloudfront.net/thumbnail/66c7ffd3abdd6857065907.jpg,/coffee-beans/kopi-robusta-bali-200g?item_list_name=Categories&item_list_id=categories_coffee&item_list_index=175
Refill Cold Brew - Arabica Aceh Gayo Atu Lintang Honey,78000,4.8,945,https://d8g5mz6srwlcs.cloudfront.net/thumbnail/5fc465b1de728186949288.jpg,/cold-brew/cold-brew-arabica-aceh-gayo-atu-lintang-honey-refill?item_list_name=Categories&item_list_id=categories_coffee&item_list_index=176
Java Ijen Red Honey Process 500g Kopi Arabica,256000,5.0,385,https://d8g5mz6srwlcs.cloudfront.net/thumbnail/678f5b5e991b7118845860.jpg,/coffee-beans/java-ijen-red-honey-process-500g-kopi-arabica?item_list_name=Categories&item_list_id=categories_coffee&item_list_index=177
Biji Kopi Arabica Colombia Finca El Diviso Ethiopia Landrace 15g,48000,5.0,429,https://d8g5mz6srwlcs.cloudfront.net/thumbnail/65374cbf0fae3554116466.jpg,/coffee-beans/biji-kopi-arabica-colombia-finca-el-diviso-ethiopia-landrace-15g?item_list_name=Categories&item_list_id=categories_coffee&item_list_index=178
Java Ijen Natural Process 500g Kopi Arabica,276000,5.0,488,https://d8g5mz6srwlcs.cloudfront.net/thumbnail/64d09d5b3c0cf524096661.jpg,/coffee-beans/java-ijen-natural-500g-kopi-arabica?item_list_name=Categories&item_list_id=categories_coffee&item_list_index=180
Refill Cold Brew - Arabica Mandheling Wet Process,78000,5.0,277,https://d8g5mz6srwlcs.cloudfront.net/thumbnail/5ffc06e73a4ae741285989.jpg,/cold-brew/cold-brew-arabica-mandheling-wet-process-refill?item_list_name=Categories&item_list_id=categories_coffee&item_list_index=181
Refill Cold Brew - Arabica Toraja Sapan Semi Washed,78000,5.0,383,https://d8g5mz6srwlcs.cloudfront.net/thumbnail/5ff4373cec3ab416785639.jpg,/cold-brew/cold-brew-arabica-toraja-sapan-semi-washed-refill?item_list_name=Categories&item_list_id=categories_coffee&item_list_index=182
Refill Cold Brew - Arabica Sidikalang Semi Washed,78000,5.0,487,https://d8g5mz6srwlcs.cloudfront.net/thumbnail/5fc4658ca206a358003537.jpg,/cold-brew/cold-brew-arabica-sidikalang-semi-washed-refill?item_list_name=Categories&item_list_id=categories_coffee&item_list_index=183
Refill Cold Brew - Arabica Bali Kintamani Full Washed,78000,5.0,485,https://d8g5mz6srwlcs.cloudfront.net/thumbnail/5fc4659ed8d05071131078.jpg,/cold-brew/cold-brew-arabica-bali-kintamani-full-washed-refill?item_list_name=Categories&item_list_id=categories_coffee&item_list_index=184
Kopi Robusta Bali 500g,156000,4.9,2600,https://d8g5mz6srwlcs.cloudfront.net/thumbnail/6214a25e1c3b6218677845.jpg,/coffee-beans/kopi-robusta-bali-500g?item_list_name=Categories&item_list_id=categories_coffee&item_list_index=185
Drip Coffee 10g Arabica Bali Natural Process (4 Sachet),65000,,0,https://d8g5mz6srwlcs.cloudfront.net/thumbnail/66cd4937bab58157866534.jpg,/drip-coffee/drip-coffee-10g-arabica-bali-natural-process-4-pcs?item_list_name=Categories&item_list_id=categories_coffee&item_list_index=186
Green Bean Kopi Arabica Java Ijen Red Honey Process - 1 Kg,195000,,0,https://d8g5mz6srwlcs.cloudfront.net/thumbnail/6120ae91a4106025133927.jpg,/green-bean/green-bean-kopi-arabica-java-ijen-red-honey-process-1-kg?item_list_name=Categories&item_list_id=categories_coffee&item_list_index=187
Green Bean Kopi Arabica Java Ijen Natural Process - 1 Kg,215000,5.0,25,https://d8g5mz6srwlcs.cloudfront.net/thumbnail/5f979dcfc9b27033355188.jpg,/green-bean/green-bean-kopi-arabica-java-ijen-natural-process-1-kg?item_list_name=Categories&item_list_id=categories_coffee&item_list_index=188
Biji Kopi Arabica Colombia Finca El Diviso Sidra Natural 15g,52000,5.0,191,https://d8g5mz6srwlcs.cloudfront.net/thumbnail/65374b3366ead766277601.jpg,/coffee-beans/biji-kopi-arabica-colombia-finca-el-diviso-sidra-natural-15g?item_list_name=Categories&item_list_id=categories_coffee&item_list_index=189
Refill Cold Brew - Arabica Bali Kintamani Natural,78000,5.0,333,https://d8g5mz6srwlcs.cloudfront.net/thumbnail/5fc1f7107106c987473189.jpg,/cold-brew/cold-brew-arabica-bali-kintamani-natural-refill?item_list_name=Categories&item_list_id=categories_coffee&item_list_index=190
Refill Cold Brew - Arabica Flores Manggarai Full Washed,78000,,0,https://d8g5mz6srwlcs.cloudfront.net/thumbnail/5fc1f71a586ed222069348.jpg,/cold-brew/cold-brew-arabica-flores-manggarai-full-washed-refill?item_list_name=Categories&item_list_id=categories_coffee&item_list_index=191
Refill Cold Brew - Arabica Lintong Semi Washed,78000,,0,https://d8g5mz6srwlcs.cloudfront.net/thumbnail/605daa0103bc0000685359.jpg,/cold-brew/cold-brew-arabica-lintong-semi-washed-refill?item_list_name=Categories&item_list_id=categories_coffee&item_list_index=192
Refill Cold Brew - Arabica Mandheling Natural,78000,5.0,172,https://d8g5mz6srwlcs.cloudfront.net/thumbnail/5fc46569cc3fa632311473.jpg,/cold-brew/cold-brew-arabica-mandheling-natural-refill?item_list_name=Categories&item_list_id=categories_coffee&item_list_index=200
Refill Cold Brew - Robusta Bali Full Washed,78000,,0,https://d8g5mz6srwlcs.cloudfront.net/thumbnail/5ff279b1eef46158613115.jpg,/cold-brew/cold-brew-robusta-bali-refill?item_list_name=Categories&item_list_id=categories_coffee&item_list_index=201
Cold Brew 1L - Arabica Aceh Gayo Semi Washed (Set),198000,5.0,107,https://d8g5mz6srwlcs.cloudfront.net/thumbnail/60dc33dd911b6049179922.jpg,/cold-brew/cold-brew-1l-arabica-aceh-gayo-semi-washed-set?item_list_name=Categories&item_list_id=categories_coffee&item_list_index=202
Cold Brew 1L - Arabica Bali Kintamani Full Washed (Set),198000,5.0,105,https://d8g5mz6srwlcs.cloudfront.net/thumbnail/60dc3f578b234695469000.jpg,/cold-brew/cold-brew-1l-arabica-bali-kintamani-full-washed-set?item_list_name=Categories&item_list_id=categories_coffee&item_list_index=203
